Account,Open_1Jul2025,Close_30Jun2026,FY_Change,Today_27Aug2026
Abdul Sami Loans,93782,376282,282500,401282
Abdul Wahab Loan,240,1777,1537,1777
Abujan Loans,16500,-32399,-48899,1602
Ahmad Bhatti Loans,17972,28699,10727,28090
Al Meezan Mutual Funds,622858,47360,-575498,140185
Alishba Jazba Committee,0,0,0,0
Alishba Loans,-24881,5008,29889,4008
Aliyan Loans,58,0,-58,0
Aliyan Wedding Hall Food Payment,0,0,0,-600000
Asharib Loan,0,0,0,0
Aun Loan,31335,6537,-24798,6537
Cash,3952,13387,9435,27916
Chughtai Gold,1000,1000,0,1000
Crypto,5298,5298,0,5298
Danish Committee,0,0,0,0
Danish Loan,-8590,1500000,1508590,1500000
Deel Card,12031,-8130,-20161,-9146
EasyPaisa,-950,-7835,-6885,17424
Equity,34375,34375,0,34375
Fahad Loan,-37642,2343,39985,3000
Faysal Noor Installments,0,0,0,0
Faysal Noor World,0,-125532,-125532,-143624
Finqalab,0,42264,42264,42264
Flute Classes,0,0,0,0
HBL,133526,-6805,-140331,111
HBL Funds,0,0,0,0
Installments,0,0,0,0
JS Abujan UK,0,0,0,0
JS Bank,671,671,0,671
Jazba Committee,0,0,0,0
JazzCash,9143,16092,6949,5188
Khaliq Younus Committee,0,75000,75000,75000
Loans,67736,437,-67299,1954
Mama Loan,-4000,0,4000,0
Marina,633001,781001,148000,781001
Medical Reimbursements,1452,1452,0,1452
Meezan Bank,348109,868097,519988,2787
Meezan USD,0,26847,26847,26847
Merge,0,0,0,0
NayaPay,0,12345,12345,6553
Office Loans,249,107550,107301,60840
Parents Spring Loan,0,-1504980,-1504980,-1504980
Provident Fund,286408,0,-286408,0
Rohan Committee,0,0,0,300000
Saving Pot,21500,27500,6000,27500
Savings with Alishba,0,0,0,0
Split,0,0,0,9199
Spring Apartments,0,4523502,4523502,4697803
Standard Chartered Saadiq Current Account,0,-2900,-2900,-2900
Tabish Loan,47098,984716,937618,1107216
Tour/Travel,0,0,0,0
Umaid Loan,0,-507084,-507084,-7084
Wasiq Loan,-2100,-182027,-179927,33583
Wise,31049,31049,0,31049
